{
    "topology_name": "Nobel-EU",
    "centralidad_cercania": {
        "75": 0.16567272926009174,
        "58": 0.1698543760141465,
        "74": 0.1954836722851311,
        "81": 0.15010585111462918,
        "64": 0.18280259718199895,
        "60": 0.17753923799974738,
        "84": 0.17585914731593802,
        "69": 0.1809129411629811,
        "68": 0.1370368227765417,
        "77": 0.1535452093928705,
        "70": 0.12453886992320441,
        "67": 0.17400660587768751,
        "59": 0.1491584700633927,
        "66": 0.14495920923183625,
        "61": 0.18887781228986186,
        "62": 0.14333554663841153,
        "65": 0.15157105014526806,
        "79": 0.2005154043744426,
        "63": 0.18485163790789286,
        "72": 0.1835676098626361,
        "83": 0.1745433880143286,
        "78": 0.19825302008794743,
        "82": 0.19910795879670795,
        "71": 0.1438107472866201,
        "73": 0.13702897948752488,
        "85": 0.1173579634791908,
        "76": 0.14717279637886063,
        "80": 0.11550806745432839
    },
    "centralidad_intermediacion": {
        "75": 0,
        "58": 0,
        "74": 0,
        "81": 0,
        "64": 0,
        "60": 0,
        "84": 0,
        "69": 0,
        "68": 0,
        "77": 0,
        "70": 0,
        "67": 0,
        "59": 0,
        "66": 0,
        "61": 0,
        "62": 0,
        "65": 0,
        "79": 0,
        "63": 0,
        "72": 0,
        "83": 0,
        "78": 0,
        "82": 0,
        "71": 0,
        "73": 0,
        "85": 0,
        "76": 0,
        "80": 0
    },
    "coeficiente_agrupamiento": {
        "75": 0.0,
        "58": 0.0,
        "74": 0.0,
        "81": 0.0,
        "64": 0.0,
        "60": 0.0,
        "84": 0.0,
        "69": 0.0,
        "68": 0.0,
        "77": 0.0,
        "70": 0.0,
        "67": 0.0,
        "59": 0.0,
        "66": 0.0,
        "61": 0.0,
        "62": 0.0,
        "65": 0.0,
        "79": 0.0,
        "63": 0.0,
        "72": 0.0,
        "83": 0.0,
        "78": 0.0,
        "82": 0.0,
        "71": 0.0,
        "73": 0.0,
        "85": 0.0,
        "76": 0.0,
        "80": 0.0
    },
    "eficiencia_global": 0.2113178976291062,
    "indice_resiliencia_geografica": 1.1945739048583313
}