{
    "topology_name": "Grid5x5",
    "centralidad_cercania": {
        "33": 0.1256750905161188,
        "34": 0.13718255226878134,
        "54": 0.15991545682587424,
        "55": 0.15713263850479683,
        "50": 0.18109603483283093,
        "38": 0.14235135044085526,
        "56": 0.12142444912656611,
        "57": 0.1286704837442766,
        "51": 0.15649718275290936,
        "36": 0.14486827280875506,
        "35": 0.140917151429072,
        "39": 0.18205871840087112,
        "37": 0.15310364938128948,
        "40": 0.1516756009768969,
        "41": 0.17939080031409627,
        "43": 0.2004824116972654,
        "44": 0.14470269206263497,
        "42": 0.16944068645645216,
        "45": 0.18998659719243502,
        "46": 0.16065349821872946,
        "47": 0.1384221786025028,
        "48": 0.16365118499057585,
        "49": 0.1826092849739165,
        "52": 0.12684783872235414,
        "53": 0.14785153994791017
    },
    "centralidad_intermediacion": {
        "33": 0,
        "34": 0,
        "54": 0,
        "55": 0,
        "50": 0,
        "38": 0,
        "56": 0,
        "57": 0,
        "51": 0,
        "36": 0,
        "35": 0,
        "39": 0,
        "37": 0,
        "40": 0,
        "41": 0,
        "43": 0,
        "44": 0,
        "42": 0,
        "45": 0,
        "46": 0,
        "47": 0,
        "48": 0,
        "49": 0,
        "52": 0,
        "53": 0
    },
    "coeficiente_agrupamiento": {
        "33": 0.0,
        "34": 0.0,
        "54": 0.0,
        "55": 0.0,
        "50": 0.0,
        "38": 0.0,
        "56": 0.0,
        "57": 0.0,
        "51": 0.0,
        "36": 0.0,
        "35": 0.0,
        "39": 0.0,
        "37": 0.0,
        "40": 0.0,
        "41": 0.0,
        "43": 0.0,
        "44": 0.0,
        "42": 0.0,
        "45": 0.0,
        "46": 0.0,
        "47": 0.0,
        "48": 0.0,
        "49": 0.0,
        "52": 0.0,
        "53": 0.0
    },
    "eficiencia_global": 0.20491503624512242,
    "indice_resiliencia_geografica": 1.022880595358472
}