{
    "topology_name": "Italia",
    "centralidad_cercania": {
        "32": 0.14978351690676062,
        "1": 0.14087080667432417,
        "2": 0.13772739047965163,
        "3": 0.14003678496613056,
        "4": 0.1235119945841036,
        "10": 0.1361183360849048,
        "12": 0.16108039087859527,
        "9": 0.13653033040911738,
        "11": 0.1335762228696968,
        "7": 0.13446679765997482,
        "5": 0.16113522732424526,
        "6": 0.11770021474273853,
        "8": 0.1279867500456252,
        "13": 0.1727765902974495,
        "15": 0.17394961353213192,
        "14": 0.1755097535758913,
        "16": 0.1765366959038896,
        "17": 0.16064133611911144,
        "18": 0.16770800498470886,
        "21": 0.17694833861038853,
        "20": 0.1663053928682162,
        "22": 0.15801705639696437,
        "19": 0.18030934870359844,
        "27": 0.15094809388721478,
        "28": 0.14771759662205042,
        "26": 0.1685644435532778,
        "29": 0.1372412528870431,
        "25": 0.18224917024742765,
        "24": 0.16718116619001344,
        "23": 0.13249796820288098,
        "31": 0.12828947589080317,
        "30": 0.1350724875321317
    },
    "centralidad_intermediacion": {
        "32": 0,
        "1": 0,
        "2": 0,
        "3": 0,
        "4": 0,
        "10": 0,
        "12": 0,
        "9": 0,
        "11": 0,
        "7": 0,
        "5": 0,
        "6": 0,
        "8": 0,
        "13": 0,
        "15": 0,
        "14": 0,
        "16": 0,
        "17": 0,
        "18": 0,
        "21": 0,
        "20": 0,
        "22": 0,
        "19": 0,
        "27": 0,
        "28": 0,
        "26": 0,
        "29": 0,
        "25": 0,
        "24": 0,
        "23": 0,
        "31": 0,
        "30": 0
    },
    "coeficiente_agrupamiento": {
        "32": 0.004056189230683982,
        "1": 0.0,
        "2": 0.0,
        "3": 0.0,
        "4": 0.004753616089352539,
        "10": 0.017506075367159958,
        "12": 0.005987650061743537,
        "9": 0.011899128384577278,
        "11": 0.01855511741811304,
        "7": 0.004001100192847323,
        "5": 0.00226221529225566,
        "6": 0.008820056525177969,
        "8": 0.009816190512149959,
        "13": 0.0,
        "15": 0.0008097729686825162,
        "14": 0.0025289648828166955,
        "16": 0.0025711331298003924,
        "17": 0.0,
        "18": 0.0041081040996028785,
        "21": 0.0039433099434847295,
        "20": 0.008366933813356403,
        "22": 0.0,
        "19": 0.0023232509540940666,
        "27": 0.012617971511410569,
        "28": 0.006008292760421137,
        "26": 0.00584249102223024,
        "29": 0.0,
        "25": 0.006078109216133003,
        "24": 0.005999311955764958,
        "23": 0.0,
        "31": 0.004056189230683982,
        "30": 0.0024356858791035846
    },
    "eficiencia_global": 0.20673535553144748,
    "indice_resiliencia_geografica": 1.3052676914010388
}